image,steer
0,c
1,c
2,c
3,c
4,c
5,c
6,c
7,c
8,c
9,c
10,c
11,c
12,c
13,c
14,c
15,c
16,c
17,c
18,c
19,c
20,c
21,c
22,c
23,c
24,c
25,c
26,c
27,c
28,c
29,c
30,c
31,c
32,c
33,c
34,c
35,c
36,c
37,c
38,c
39,c
40,c
41,c
42,c
43,c
44,c
45,c
46,c
47,c
48,c
49,c
50,c
51,c
52,c
53,c
54,c
55,c
56,c
57,c
58,c
59,c
60,c
61,c
62,c
63,c
64,c
65,c
66,c
67,c
68,c
69,c
70,c
71,c
72,c
73,c
74,c
75,c
76,c
77,c
78,c
79,c
80,c
81,c
82,c
83,c
84,c
85,l
86,l
87,c
88,c
89,c
90,c
91,c
92,c
93,c
94,c
95,c
96,r
97,c
98,c
99,c
100,c
101,c
102,c
103,c
104,l
105,c
106,c
107,c
108,c
109,c
110,c
111,c
112,c
113,c
114,l
115,c
116,c
117,c
118,c
119,c
120,c
121,c
122,c
123,c
124,c
125,c
126,c
127,c
128,c
129,c
130,c
131,c
132,c
133,c
134,l
135,c
136,c
137,l
138,c
139,c
140,c
141,c
142,c
143,c
144,c
145,c
146,c
147,c
148,c
149,c
150,c
151,c
152,c
153,l
154,c
155,c
156,c
157,c
158,c
159,c
160,c
161,c
162,c
163,c
164,c
165,c
166,c
167,l
168,c
169,c
170,c
171,c
172,c
173,l
174,l
175,c
176,c
177,c
178,c
179,c
180,c
181,c
182,c
183,c
184,c
185,c
186,c
187,c
188,c
189,c
190,c
191,c
192,c
193,c
194,c
195,c
196,c
197,l
198,l
199,c
200,l
201,c
202,c
203,l
204,l
205,c
206,l
207,c
208,c
209,l
210,c
211,c
212,l
213,c
214,l
215,l
216,c
217,l
218,c
219,c
220,c
221,l
222,c
223,c
224,l
225,c
226,l
227,c
228,c
229,c
230,l
231,c
232,c
233,c
234,c
235,c
236,c
237,l
238,l
239,c
240,c
241,c
242,c
243,c
244,c
245,c
246,c
247,c
248,c
249,c
250,c
251,c
252,c
253,c
254,c
255,l
256,c
257,c
258,c
259,c
260,c
261,l
262,c
263,c
264,c
265,c
266,l
267,c
268,c
269,c
270,c
271,c
272,l
273,c
274,c
275,c
276,c
277,c
278,c
279,c
280,c
281,c
282,c
283,c
284,c
285,c
286,c
287,c
288,c
289,c
290,c
291,c
292,c
293,c
294,l
295,c
296,c
297,c
298,c
299,c
300,c
301,c
302,c
303,c
304,c
305,c
306,c
307,c
308,c
309,c
310,c
311,c
312,l
313,c
314,c
315,c
316,c
317,c
318,c
319,l
320,l
321,l
322,l
323,c
324,c
325,l
326,l
327,c
328,l
329,l
330,c
331,c
332,c
333,c
334,c
335,l
336,c
337,c
338,l
339,c
340,c
341,l
342,c
343,c
344,c
345,l
346,l
347,c
348,c
349,c
350,c
351,c
352,c
353,c
354,c
355,c
356,c
357,c
358,c
359,c
360,c
361,c
362,c
363,c
364,c
365,c
366,c
367,c
368,c
369,c
370,c
371,c
372,c
373,c
374,c
375,c
376,l
377,c
378,c
379,c
380,c
381,c
382,c
383,l
384,c
385,c
386,c
387,c
388,c
389,c
390,c
391,c
392,c
393,l
394,c
395,c
396,c
397,c
398,c
399,c
400,c
401,c
402,c
403,l
404,c
405,c
406,c
407,c
408,c
409,c
410,c
411,c
412,c
413,l
414,c
415,c
416,c
417,c
418,c
419,c
420,c
421,c
422,c
423,c
424,c
425,c
426,c
427,c
428,l
429,c
430,c
431,c
432,c
433,c
434,c
435,c
436,c
437,c
438,l
439,c
440,c
441,c
442,c
443,c
444,c
445,c
446,c
447,c
448,c
449,c
450,l
451,c
452,c
453,c
454,c
455,c
456,c
457,c
458,c
459,c
460,l
461,c
462,c
463,c
464,c
465,c
466,c
467,c
468,c
469,l
470,c
471,c
472,c
473,c
474,c
475,c
476,c
477,c
478,l
479,c
480,c
481,c
482,c
483,c
484,c
485,c
486,c
487,c
488,c
489,c
490,l
491,c
492,c
493,c
494,c
495,c
496,c
497,l
498,c
499,c
500,c
501,c
502,l
503,c
504,c
505,c
506,c
507,l
508,c
509,c
510,c
511,c
512,l
513,c
514,c
515,c
516,c
517,c
518,l
519,c
520,c
521,c
522,c
523,l
524,l
525,c
526,c
527,c
528,c
529,c
530,r
531,c
532,c
533,c
534,c
535,r
536,r
537,r
538,r
539,c
540,c
541,c
542,l
543,c
544,c
545,c
546,c
547,l
548,c
549,c
550,c
551,c
552,c
553,c
554,c
555,c
556,l
557,c
558,c
559,c
560,c
561,l
562,l
563,c
564,c
565,c
566,c
567,c
568,c
569,c
570,c
571,c
572,c
573,c
574,l
575,l
576,l
577,c
578,c
579,l
580,l
581,l
582,l
583,c
584,c
585,c
586,l
587,l
588,l
589,c
590,c
591,c
592,l
593,l
594,l
595,l
596,c
597,c
598,l
599,l
600,l
601,l
602,c
603,c
604,l
605,c
606,c
607,c
608,c
609,c
610,l
611,l
612,c
613,c
614,c
615,c
616,c
617,c
618,c
619,c
620,c
621,c
622,c
623,c
624,c
625,c
626,c
627,c
628,c
629,c
630,c
631,c
632,c
633,c
634,c
635,c
636,c
637,c
638,c
639,c
640,c
641,c
642,l
643,c
644,c
645,c
646,c
647,c
648,l
649,c
650,c
651,c
652,c
653,l
654,l
655,c
656,c
657,c
658,c
659,c
660,r
661,c
662,c
663,c
664,c
665,c
666,c
667,c
668,c
669,c
670,c
671,c
672,c
673,c
674,c
675,c
676,c
677,c
678,l
679,l
680,l
681,l
682,l
683,l
684,l
685,l
686,c
687,l
688,c
689,c
690,r
691,c
692,r
693,r
694,c
695,r
696,r
697,c
698,c
699,l
700,c
701,c
702,l
703,l
704,c
705,c
706,l
707,c
708,c
709,l
710,c
711,c
712,c
713,c
714,c
715,c
716,c
717,c
718,c
719,c
720,c
721,c
722,c
723,l
724,c
725,c
726,c
727,c
728,c
729,l
730,c
731,c
732,l
733,l
734,c
735,l
736,c
737,c
738,c
739,r
740,r
741,c
742,c
743,c
744,c
745,c
746,c
747,r
748,c
749,c
750,c
751,c
752,c
753,c
754,c
755,c
756,c
757,c
758,c
759,c
760,c
761,c
762,c
763,c
764,c
765,c
766,c
767,c
768,l
769,c
770,c
771,c
772,c
773,c
774,c
775,c
776,l
777,c
778,c
779,c
780,c
781,c
782,c
783,c
784,c
785,c
786,c
787,c
788,c
789,c
790,c
791,c
792,c
793,c
794,c
795,l
796,c
797,c
798,l
799,l
800,c
801,c
802,c
803,c
804,c
805,r
806,r
807,c
808,c
809,c
810,c
811,l
812,c
813,c
814,c
815,c
816,c
817,c
818,l
819,c
820,c
821,c
822,c
823,c
824,c
825,c
826,c
827,c
828,c
829,c
830,c
831,c
832,c
833,c
834,c
835,c
836,c
837,l
838,l
839,c
840,c
841,c
842,c
843,c
844,c
845,c
846,c
847,c
848,c
849,c
850,c
851,c
852,c
853,l
854,c
855,c
856,c
857,c
858,c
859,c
860,c
861,l
862,c
863,c
864,c
865,c
866,c
867,c
868,l
869,c
870,c
871,c
872,c
873,c
874,c
875,c
876,c
877,c
878,l
879,c
880,c
881,c
882,c
883,c
884,c
885,c
886,c
887,c
888,l
889,c
890,c
891,c
892,c
893,c
894,c
895,c
896,l
897,c
898,c
899,c
900,c
901,c
902,c
903,c
904,l
905,c
906,c
907,c
908,c
909,c
910,c
911,c
912,c
913,c
914,c
915,c
916,c
917,l
918,c
919,c
920,l
921,c
922,l
923,l
924,l
925,l
926,l
927,l
928,c
929,l
930,c
931,c
932,l
933,c
934,l
935,l
936,l
937,c
938,l
939,c
940,c
941,c
942,c
943,r
944,c
945,c
946,c
947,c
948,c
949,r
950,c
951,c
952,r
953,c
954,c
955,c
956,r
957,c
958,c
959,c
960,c
961,c
962,c
963,c
964,r
965,c
966,c
967,c
968,c
969,c
970,c
971,c
972,c
973,c
974,l
975,c
976,c
977,c
978,c
979,c
980,c
981,l
982,c
983,c
984,c
985,c
986,c
987,c
988,c
989,l
990,c
991,c
992,c
993,c
994,c
995,c
996,c
997,l
998,c
999,c
1000,c
1001,c
1002,c
1003,c
1004,c
1005,l
1006,c
1007,c
1008,c
1009,c
1010,c
1011,l
1012,c
1013,c
1014,c
1015,c
1016,c
1017,c
1018,l
1019,c
1020,c
1021,l
1022,l
1023,l
1024,l
1025,c
1026,l
1027,l
1028,l
1029,l
1030,l
1031,l
1032,c
1033,c
1034,c
1035,c
1036,c
1037,c
1038,c
1039,c
1040,c
1041,c
1042,c
1043,c
1044,c
1045,c
1046,c
1047,c
1048,c
1049,c
1050,l
1051,c
1052,c
1053,c
1054,c
1055,c
1056,c
1057,c
1058,c
1059,l
1060,c
1061,c
1062,c
1063,c
1064,c
1065,c
1066,c
1067,c
1068,l
1069,c
1070,c
1071,c
1072,c
1073,c
1074,c
1075,c
1076,c
1077,c
1078,c
1079,c
1080,c
1081,c
1082,c
1083,c
1084,c
1085,c
1086,c
1087,c
1088,l
1089,c
1090,l
1091,l
1092,c
1093,c
1094,c
1095,c
1096,c
1097,r
1098,c
1099,c
1100,c
1101,c
1102,r
1103,c
1104,c
1105,c
1106,c
1107,r
1108,c
1109,c
1110,c
1111,c
1112,c
1113,c
1114,c
1115,c
1116,c
1117,l
1118,l
1119,c
1120,c
1121,c
1122,c
1123,r
1124,c
1125,c
1126,c
1127,c
1128,r
1129,r
1130,c
1131,c
1132,c
1133,c
1134,c
1135,l
1136,c
1137,c
1138,c
1139,c
1140,c
1141,c
1142,c
1143,l
1144,l
1145,c
1146,c
1147,c
1148,c
1149,c
1150,c
1151,c
1152,c
1153,c
1154,c
1155,c
1156,c
1157,c
1158,l
1159,c
1160,c
1161,c
1162,c
1163,c
1164,c
1165,l
1166,c
1167,c
1168,c
1169,c
1170,c
1171,c
1172,l
1173,l
1174,c
1175,c
1176,c
1177,c
1178,c
1179,c
1180,c
1181,c
1182,c
1183,c
1184,c
1185,c
1186,c
1187,c
1188,c
1189,c
1190,l
1191,l
1192,c
1193,c
1194,c
1195,c
1196,c
1197,c
1198,c
1199,c
1200,c
1201,c
1202,c
1203,c
1204,c
1205,c
1206,c
1207,l
1208,c
1209,c
1210,c
1211,c
1212,c
1213,c
1214,c
1215,c
1216,c
1217,c
1218,l
1219,c
1220,c
1221,c
1222,c
1223,c
1224,c
1225,c
1226,c
1227,c
1228,c
1229,c
1230,l
1231,c
1232,c
1233,c
1234,c
1235,c
1236,c
1237,c
1238,l
1239,l
1240,c
1241,l
1242,l
1243,c
1244,c
1245,l
1246,c
1247,l
1248,c
1249,c
1250,l
1251,c
1252,c
1253,l
1254,l
1255,c
1256,c
1257,l
1258,c
1259,c
1260,c
1261,l
1262,c
1263,l
1264,c
1265,c
1266,c
1267,c
1268,c
1269,c
1270,c
1271,c
1272,c
1273,c
1274,c
1275,l
1276,c
1277,c
1278,c
1279,c
1280,c
1281,c
1282,l
1283,c
1284,c
1285,c
1286,c
1287,c
1288,c
1289,c
1290,c
1291,l
1292,c
1293,c
1294,c
1295,c
1296,c
1297,c
1298,c
1299,c
1300,c
1301,c
1302,c
1303,c
1304,c
1305,c
1306,c
1307,c
1308,c
1309,c
1310,c
1311,c
1312,c
1313,l
1314,c
1315,c
1316,c
1317,c
1318,c
1319,c
1320,c
1321,c
1322,l
1323,l
1324,l
1325,c
1326,c
1327,c
1328,c
1329,c
1330,c
1331,l
1332,c
1333,c
1334,c
1335,c
1336,l
1337,l
1338,l
1339,l
1340,c
1341,c
1342,c
1343,c
1344,l
1345,l
1346,c
1347,c
1348,c
1349,l
1350,c
1351,c
1352,c
1353,l
1354,l
1355,c
1356,c
1357,c
1358,c
1359,c
1360,c
1361,c
1362,c
1363,c
1364,c
1365,c
1366,c
1367,c
1368,c
1369,c
1370,c
1371,c
1372,c
1373,c
1374,c
1375,c
1376,c
1377,c
1378,c
1379,c
1380,c
1381,c
1382,c
1383,c
1384,l
1385,l
1386,c
1387,c
1388,c
1389,c
1390,c
1391,c
1392,c
1393,c
1394,r
1395,r
1396,c
1397,c
1398,c
1399,c
1400,l
1401,c
1402,c
1403,c
1404,c
1405,c
1406,c
1407,l
1408,c
1409,c
1410,c
1411,c
1412,c
1413,c
1414,l
1415,c
1416,c
1417,c
1418,c
1419,c
1420,l
1421,c
1422,c
1423,c
1424,c
1425,l
1426,c
1427,c
1428,c
1429,c
1430,c
1431,c
1432,c
1433,c
1434,c
1435,c
1436,c
1437,c
1438,c
1439,l
1440,c
1441,c
1442,c
1443,c
1444,c
1445,c
1446,l
1447,c
1448,c
1449,c
1450,c
1451,c
1452,c
1453,c
1454,c
1455,c
1456,l
1457,c
1458,c
1459,c
1460,c
1461,c
1462,l
1463,c
1464,c
1465,c
1466,c
1467,c
1468,c
1469,c
1470,c
1471,c
1472,c
1473,c
1474,c
1475,c
1476,c
1477,c
1478,c
1479,c
1480,c
1481,c
1482,l
1483,c
1484,c
1485,c
1486,c
1487,c
1488,l
1489,c
1490,c
1491,c
1492,c
1493,l
1494,l
1495,c
1496,c
1497,c
1498,c
1499,c
1500,c
1501,r
1502,c
1503,c
1504,c
1505,c
1506,c
1507,c
1508,c
1509,c
1510,c
1511,c
1512,c
1513,c
1514,c
1515,c
1516,c
1517,c
1518,c
1519,c
1520,c
1521,c
1522,c
1523,c
1524,c
1525,c
1526,c
1527,c
1528,c
1529,c
1530,c
1531,c
1532,c
1533,l
1534,l
1535,c
1536,c
1537,c
1538,c
1539,c
1540,c
1541,l
1542,l
1543,c
1544,l
1545,c
1546,l
1547,l
1548,c
1549,l
1550,c
1551,c
1552,l
1553,c
1554,c
1555,c
1556,c
1557,c
1558,c
1559,c
1560,c
1561,l
1562,c
1563,c
1564,c
1565,c
1566,c
1567,c
1568,c
1569,c
1570,c
1571,c
1572,l
1573,c
1574,c
1575,c
1576,c
1577,l
1578,c
1579,c
1580,l
1581,l
1582,c
1583,c
1584,c
1585,c
1586,c
1587,c
1588,c
1589,c
1590,c
1591,c
1592,c
1593,r
1594,c
1595,c
1596,c
1597,c
1598,c
1599,r
1600,c
1601,c
1602,c
1603,c
1604,r
1605,c
1606,c
1607,c
1608,c
1609,c
1610,l
1611,c
1612,c
1613,c
1614,c
1615,c
1616,c
1617,c
1618,c
1619,c
1620,c
1621,l
1622,c
1623,c
1624,c
1625,c
1626,c
1627,c
1628,c
1629,c
1630,l
1631,l
1632,l
1633,l
1634,l
1635,l
1636,l
1637,l
1638,l
1639,c
1640,c
1641,c
1642,c
1643,c
1644,c
1645,c
1646,c
1647,c
1648,c
1649,c
1650,l
1651,c
1652,c
1653,c
1654,c
1655,c
1656,c
1657,c
1658,c
1659,c
1660,c
1661,c
1662,c
1663,c
1664,c
1665,c
1666,c
1667,c
1668,c
1669,l
1670,c
1671,c
1672,c
1673,c
1674,c
1675,c
1676,c
1677,c
1678,c
1679,l
1680,c
1681,c
1682,c
1683,c
1684,c
1685,c
1686,c
1687,c
1688,l
1689,c
1690,c
1691,c
1692,c
1693,c
1694,c
1695,c
1696,c
1697,l
1698,c
1699,c
1700,c
1701,c
1702,c
1703,c
1704,c
1705,c
1706,c
1707,c
1708,c
1709,l
1710,c
1711,c
1712,c
1713,c
1714,c
1715,c
1716,c
1717,c
1718,c
1719,l
1720,l
1721,c
1722,c
1723,c
1724,c
1725,c
1726,r
1727,c
1728,c
1729,c
1730,c
1731,c
1732,c
1733,r
1734,c
1735,c
1736,c
1737,c
1738,c
1739,c
1740,c
1741,c
1742,c
1743,c
1744,c
1745,c
1746,c
1747,c
1748,c
1749,l
1750,c
1751,c
1752,c
1753,c
1754,c
1755,c
1756,c
1757,c
1758,c
1759,l
1760,c
1761,c
1762,c
1763,c
1764,c
1765,l
1766,c
1767,c
1768,c
1769,c
1770,c
1771,c
1772,c
1773,c
1774,l
1775,c
1776,c
1777,c
1778,c
1779,c
1780,l
1781,c
1782,c
1783,c
1784,c
1785,c
1786,c
1787,c
1788,c
1789,l
1790,c
1791,c
1792,c
1793,c
1794,c
1795,c
1796,c
1797,c
1798,c
1799,c
1800,c
1801,c
1802,c
1803,c
1804,l
1805,c
1806,c
1807,c
1808,c
1809,c
1810,c
1811,l
1812,l
1813,c
1814,c
1815,l
1816,c
1817,c
1818,l
1819,c
1820,c
1821,l
1822,c
1823,c
1824,l
1825,c
1826,l
1827,l
1828,l
1829,l
1830,l
1831,l
1832,c
1833,c
1834,c
1835,c
1836,c
1837,c
1838,c
1839,c
1840,c
1841,c
1842,c
1843,c
1844,c
1845,l
1846,l
1847,c
1848,c
1849,c
1850,c
1851,c
1852,c
1853,r
1854,r
1855,c
1856,c
1857,c
1858,c
1859,l
1860,c
1861,c
1862,c
1863,c
1864,c
1865,c
1866,c
1867,c
1868,c
1869,c
1870,c
1871,l
1872,c
1873,c
1874,c
1875,c
1876,c
1877,c
1878,c
1879,c
1880,l
1881,c
1882,c
1883,c
1884,c
1885,c
1886,c
1887,c
1888,c
1889,c
1890,c
1891,c
1892,c
1893,c
1894,c
1895,c
1896,c
1897,c
1898,c
1899,c
1900,c
1901,c
1902,l
1903,l
1904,l
1905,l
1906,l
1907,l
1908,l
1909,c
1910,c
1911,c
1912,c
1913,l
1914,c
1915,c
1916,c
1917,l
1918,c
1919,l
1920,l
1921,c
1922,l
1923,c
1924,c
1925,c
1926,c
1927,r
1928,c
1929,c
1930,c
1931,c
1932,c
1933,r
1934,c
1935,c
1936,c
1937,c
1938,c
1939,r
1940,c
1941,c
1942,c
1943,c
1944,c
1945,c
1946,c
1947,c
1948,c
1949,c
1950,c
1951,l
1952,c
1953,c
1954,c
1955,c
1956,c
1957,c
1958,c
1959,c
1960,c
1961,c
1962,c
1963,l
1964,c
1965,c
1966,c
1967,c
1968,c
1969,l
1970,c
1971,c
1972,c
1973,c
1974,c
1975,c
1976,c
1977,c
1978,l
1979,c
1980,c
1981,c
1982,c
1983,c
1984,c
1985,c
1986,c
1987,c
1988,c
1989,c
1990,c
1991,l
1992,c
1993,c
1994,c
1995,c
1996,c
1997,c
1998,l
1999,c
2000,c
2001,c
2002,c
2003,c
2004,l
2005,c
2006,c
2007,c
2008,c
2009,c
2010,c
2011,c
2012,c
2013,c
2014,c
2015,c
2016,c
2017,l
2018,c
2019,c
2020,c
2021,c
2022,c
2023,c
2024,c
2025,c
2026,c
2027,l
2028,l
2029,c
2030,c
2031,c
2032,c
2033,c
2034,c
2035,c
2036,c
2037,c
2038,c
2039,c
2040,c
2041,c
2042,c
2043,c
2044,c
2045,c
2046,c
2047,c
2048,c
2049,r
2050,c
2051,c
2052,c
2053,l
2054,c
2055,c
2056,c
2057,c
2058,c
2059,r
2060,c
2061,c
2062,c
2063,c
2064,c
2065,l
2066,c
2067,c
2068,c
2069,c
2070,c
2071,c
2072,l
2073,c
2074,c
2075,c
2076,c
2077,c
2078,c
2079,c
2080,c
2081,c
2082,c
2083,c
2084,l
2085,c
2086,c
2087,c
2088,l
2089,c
2090,c
2091,c
2092,c
2093,c
2094,c
2095,c
2096,c
2097,c
2098,c
2099,c
2100,l
2101,c
2102,c
2103,c
2104,c
2105,c
2106,c
2107,c
2108,c
2109,l
2110,l
2111,l
2112,l
2113,c
2114,c
2115,l
2116,l
2117,l
2118,l
2119,c
2120,c
2121,l
2122,c
2123,c
2124,c
2125,c
2126,l
2127,l
2128,l
2129,c
2130,c
2131,c
2132,c
2133,c
2134,r
2135,c
2136,c
2137,c
2138,c
2139,c
2140,c
2141,c
2142,c
2143,c
2144,l
2145,c
2146,c
2147,c
2148,c
2149,c
2150,c
2151,c
2152,c
2153,c
2154,c
2155,c
2156,c
2157,c
2158,c
2159,c
2160,c
2161,c
2162,c
2163,c
2164,c
2165,l
2166,c
2167,c
2168,c
2169,c
2170,c
2171,c
2172,c
2173,c
2174,c
2175,c
2176,c
2177,c
2178,c
2179,c
2180,c
2181,c
2182,c
2183,c
2184,c
2185,c
2186,c
2187,c
2188,c
2189,c
2190,c
2191,l
2192,l
2193,l
2194,l
2195,c
2196,c
2197,l
2198,l
2199,l
2200,l
2201,l
2202,c
2203,c
2204,c
2205,c
2206,c
2207,l
2208,l
2209,c
2210,c
2211,c
2212,c
2213,c
2214,c
2215,c
2216,c
2217,c
2218,r
2219,c
2220,c
2221,c
2222,c
2223,c
2224,c
2225,c
2226,c
2227,c
2228,c
2229,c
2230,c
2231,c
2232,c
2233,l
2234,c
2235,c
2236,c
2237,c
2238,c
2239,c
2240,c
2241,c
2242,c
2243,c
2244,c
2245,l
2246,c
2247,c
2248,c
2249,c
2250,c
2251,c
2252,c
2253,c
2254,c
2255,c
2256,c
2257,l
2258,c
2259,c
2260,c
2261,c
2262,c
2263,c
2264,l
2265,c
2266,c
2267,c
2268,c
2269,c
2270,c
2271,c
2272,c
2273,c
2274,c
2275,c
2276,l
2277,c
2278,c
2279,c
2280,c
2281,c
2282,c
2283,c
2284,c
2285,c
2286,c
2287,c
2288,c
2289,l
2290,c
2291,c
2292,c
2293,c
2294,c
2295,c
2296,c
2297,c
2298,c
2299,c
2300,c
2301,l
2302,c
2303,c
2304,c
2305,c
2306,c
2307,c
2308,c
2309,c
2310,l
2311,c
2312,c
2313,c
2314,c
2315,c
2316,c
2317,c
2318,c
2319,c
2320,c
2321,c
2322,c
2323,c
2324,c
2325,c
2326,c
2327,c
2328,c
2329,l
2330,c
2331,c
2332,c
2333,c
2334,c
2335,l
2336,c
2337,c
2338,c
2339,c
2340,l
2341,l
2342,c
2343,c
2344,c
2345,c
2346,c
2347,r
2348,r
2349,c
2350,c
2351,c
2352,c
2353,c
2354,c
2355,l
2356,c
2357,c
2358,c
2359,c
2360,l
2361,c
2362,c
2363,c
2364,c
2365,l
2366,c
2367,c
2368,c
2369,c
2370,l
2371,c
2372,c
2373,c
2374,c
2375,c
2376,c
2377,c
2378,c
2379,c
2380,l
2381,c
2382,c
2383,c
2384,c
2385,l
2386,l
2387,l
2388,c
2389,c
2390,l
2391,c
2392,l
2393,c
2394,c
2395,l
2396,c
2397,l
2398,c
2399,c
2400,l
2401,c
2402,l
2403,l
2404,c
2405,c
2406,c
2407,c
2408,c
2409,c
2410,c
2411,c
2412,c
2413,c
2414,c
2415,c
2416,c
2417,c
2418,l
2419,c
2420,c
2421,c
2422,c
2423,c
2424,c
2425,c
2426,c
2427,c
2428,c
2429,c
2430,l
2431,c
2432,c
2433,c
2434,c
2435,c
2436,c
2437,l
2438,c
2439,c
2440,c
2441,c
2442,c
2443,c
2444,c
2445,c
2446,c
2447,l
2448,c
2449,c
2450,c
2451,c
2452,c
2453,l
2454,c
2455,c
2456,c
2457,c
2458,c
2459,l
2460,c
2461,c
2462,c
2463,c
2464,c
2465,c
2466,c
2467,c
2468,l
2469,l
2470,l
2471,l
2472,l
2473,l
2474,l
2475,c
2476,c
2477,c
2478,c
2479,c
2480,l
2481,c
2482,c
2483,c
2484,c
2485,c
2486,c
2487,c
2488,c
2489,l
2490,c
2491,c
2492,c
2493,c
2494,c
2495,c
2496,l
2497,l
2498,c
2499,c
2500,c
2501,c
2502,c
2503,c
2504,c
2505,c
2506,c
2507,c
2508,c
2509,r
2510,c
2511,c
2512,c
2513,c
2514,c
2515,c
2516,l
2517,c
2518,c
2519,c
2520,c
2521,c
2522,c
2523,c
2524,c
2525,c
2526,c
2527,l
2528,c
2529,c
2530,c
2531,c
2532,c
2533,c
2534,l
2535,c
2536,c
2537,c
2538,c
2539,c
2540,c
2541,c
2542,c
2543,c
2544,c
2545,c
2546,c
2547,c
2548,c
2549,c
2550,l
2551,l
2552,c
2553,c
2554,c
2555,c
2556,c
2557,c
2558,r
2559,c
2560,c
2561,c
2562,c
2563,c
2564,c
2565,c
2566,c
2567,c
2568,c
2569,c
2570,c
2571,c
2572,c
2573,l
2574,c
2575,c
2576,c
2577,c
2578,c
2579,c
2580,c
2581,c
2582,c
2583,c
2584,c
2585,l
2586,c
2587,c
2588,c
2589,c
2590,c
2591,c
2592,c
2593,c
2594,l
2595,c
2596,c
2597,c
2598,c
2599,c
2600,l
2601,c
2602,c
2603,c
2604,c
2605,c
2606,c
2607,c
2608,c
2609,c
2610,c
2611,c
2612,c
2613,c
2614,c
2615,c
2616,c
2617,c
2618,c
2619,l
2620,c
2621,c
2622,c
2623,c
2624,c
2625,c
2626,c
2627,c
2628,c
2629,l
2630,c
2631,c
2632,c
2633,c
2634,c
2635,c
2636,c
2637,c
2638,l
2639,c
2640,c
2641,c
2642,c
2643,c
2644,c
2645,c
2646,c
2647,c
2648,c
2649,c
2650,c
2651,c
2652,c
2653,c
2654,c
2655,l
2656,c
2657,l
2658,l
2659,l
2660,l
2661,c
2662,l
2663,l
2664,c
2665,l
2666,c
2667,c
2668,l
2669,c
2670,c
2671,c
2672,c
2673,c
2674,c
2675,l
2676,c
2677,c
2678,c
2679,c
2680,c
2681,c
2682,c
2683,c
2684,c
2685,r
2686,c
2687,c
2688,c
2689,c
2690,c
2691,c
2692,c
2693,c
2694,c
2695,c
2696,c
2697,c
2698,c
2699,c
2700,c
2701,c
2702,c
2703,c
2704,l
2705,l
2706,l
2707,c
2708,c
2709,c
2710,c
2711,c
2712,r
2713,c
2714,c
2715,c
2716,c
2717,c
2718,c
2719,c
2720,c
2721,c
2722,c
2723,c
2724,c
2725,c
2726,c
2727,c
2728,c
2729,c
2730,c
2731,c
2732,c
2733,l
2734,l
2735,c
2736,l
2737,c
2738,l
2739,c
2740,l
2741,c
2742,c
2743,l
2744,l
2745,l
2746,l
2747,c
2748,c
2749,c
2750,c
2751,l
2752,c
2753,l
2754,c
2755,c
2756,c
2757,c
2758,c
2759,c
2760,c
2761,c
2762,c
2763,c
2764,c
2765,c
2766,c
2767,c
2768,c
2769,c
2770,c
2771,c
2772,c
2773,c
2774,c
2775,c
2776,c
2777,l
2778,c
2779,c
2780,c
2781,c
2782,c
2783,c
2784,l
2785,c
2786,c
2787,c
2788,c
2789,c
2790,c
2791,c
2792,c
2793,c
2794,c
2795,c
2796,l
2797,l
2798,c
2799,c
2800,c
2801,c
2802,c
2803,r
2804,r
2805,c
2806,c
2807,c
2808,c
2809,c
2810,c
2811,c
2812,c
2813,c
2814,l
2815,c
2816,c
2817,c
2818,c
2819,c
2820,l
2821,c
2822,c
2823,c
2824,c
2825,c
2826,c
2827,c
2828,c
2829,c
2830,c
2831,l
2832,c
2833,c
2834,c
2835,c
2836,c
2837,c
2838,c
2839,c
2840,c
2841,c
2842,c
2843,c
2844,c
2845,c
2846,l
2847,c
2848,c
2849,c
2850,c
2851,c
2852,c
2853,c
2854,l
2855,c
2856,c
2857,c
2858,c
2859,c
2860,c
2861,c
2862,c
2863,c
2864,c
2865,c
2866,c
2867,c
2868,l
2869,c
2870,c
2871,l
2872,c
2873,c
2874,c
2875,c
2876,c
2877,c
2878,c
2879,c
2880,c
2881,c
2882,c
2883,c
2884,c
2885,c
2886,c
2887,l
2888,l
2889,c
2890,c
2891,c
2892,c
2893,c
2894,r
2895,c
2896,c
2897,c
2898,c
2899,c
2900,c
2901,c
2902,c
2903,c
2904,c
2905,c
2906,c
2907,l
2908,c
2909,c
2910,c
2911,c
2912,c
2913,c
2914,c
2915,c
2916,c
2917,c
2918,c
2919,c
2920,c
2921,c
2922,c
2923,c
2924,l
2925,l
2926,l
2927,l
2928,c
2929,c
2930,c
2931,c
2932,c
2933,c
2934,c
2935,l
2936,l
2937,l
2938,l
2939,c
2940,c
2941,c
2942,l
2943,l
2944,l
2945,c
2946,c
2947,c
2948,c
2949,l
2950,l
2951,c
2952,c
2953,c
2954,c
2955,c
2956,c
2957,c
2958,c
2959,l
2960,c
2961,c
2962,c
2963,c
2964,c
2965,l
2966,c
2967,c
2968,c
2969,c
2970,c
2971,c
2972,c
2973,c
2974,c
2975,c
2976,c
2977,c
2978,c
2979,c
2980,c
2981,c
2982,c
2983,c
2984,l
2985,c
2986,c
2987,c
2988,c
2989,c
2990,c
2991,c
2992,c
2993,l
2994,l
2995,c
2996,c
2997,c
2998,c
2999,c
3000,c
3001,c
3002,c
3003,c
3004,c
3005,c
3006,c
3007,c
3008,c
3009,l
3010,l
3011,c
3012,l
3013,c
3014,l
3015,l
3016,c
3017,c
3018,c
3019,c
3020,c
3021,l
3022,l
3023,c
3024,c
3025,c
3026,c
3027,l
3028,c
3029,l
3030,c
3031,c
3032,l
3033,c
3034,c
3035,c
3036,c
3037,c
3038,c
3039,c
3040,c
3041,c
3042,c
3043,c
3044,c
3045,c
3046,c
3047,c
3048,c
3049,c
3050,c
3051,l
3052,c
3053,c
3054,c
3055,c
3056,c
3057,c
3058,c
3059,c
3060,c
3061,c
3062,c
3063,l
3064,c
3065,c
3066,c
3067,c
3068,c
3069,c
3070,c
3071,c
3072,c
3073,c
3074,c
3075,c
3076,c
3077,c
3078,c
3079,c
3080,c
3081,c
3082,l
3083,c
3084,c
3085,c
3086,c
3087,c
3088,c
3089,c
3090,c
3091,c
3092,c
3093,c
3094,c
3095,c
3096,c
3097,l
3098,c
3099,c
3100,l
3101,c
3102,c
3103,c
3104,c
3105,c
3106,r
3107,c
3108,c
3109,c
3110,c
3111,c
3112,c
3113,c
3114,c
3115,c
3116,c
3117,c
3118,c
3119,c
3120,c
3121,l
3122,c
3123,c
3124,c
3125,c
3126,c
3127,c
3128,c
3129,c
3130,c
3131,l
3132,c
3133,c
3134,c
3135,c
3136,c
3137,c
3138,c
3139,c
3140,c
3141,c
3142,l
3143,c
3144,c
3145,c
3146,c
3147,c
3148,c
3149,c
3150,c
3151,c
3152,c
3153,c
3154,c
3155,l
3156,c
3157,c
3158,c
3159,c
3160,c
3161,c
3162,c
3163,c
3164,c
3165,c
3166,c
3167,c
3168,c
3169,l
3170,c
3171,c
3172,c
3173,c
3174,l
3175,c
3176,c
3177,c
3178,c
3179,c
3180,c
3181,c
3182,c
3183,c
3184,c
3185,c
3186,c
3187,c
3188,l
3189,c
3190,c
3191,c
3192,c
3193,c
3194,c
3195,c
3196,l
3197,c
3198,c
3199,l
3200,l
3201,l
3202,l
3203,l
3204,l
3205,l
3206,l
3207,c
3208,c
3209,c
3210,c
3211,c
3212,l
3213,c
3214,c
3215,c
3216,c
3217,c
3218,c
3219,c
3220,c
3221,c
3222,c
3223,c
3224,c
3225,c
3226,c
3227,c
3228,c
3229,l
3230,c
3231,c
3232,c
3233,c
3234,c
3235,c
3236,c
3237,c
3238,c
3239,c
3240,c
3241,l
3242,c
3243,c
3244,c
3245,c
3246,c
3247,l
3248,c
3249,c
3250,c
3251,c
3252,c
3253,c
3254,c
3255,c
3256,c
3257,c
3258,c
3259,c
3260,c
3261,c
3262,l
3263,c
3264,c
3265,c
3266,c
3267,c
3268,c
3269,c
3270,c
3271,c
3272,c
3273,l
3274,l
3275,l
3276,c
3277,l
3278,l
3279,l
3280,l
3281,c
3282,c
3283,c
3284,c
3285,l
3286,c
3287,c
3288,c
3289,c
3290,c
3291,l
3292,c
3293,c
3294,c
3295,c
3296,l
3297,c
3298,c
3299,c
3300,c
3301,l
3302,c
3303,c
3304,c
3305,l
3306,c
3307,c
3308,c
3309,c
3310,c
3311,c
3312,l
3313,l
3314,c
3315,c
3316,c
3317,c
3318,c
3319,c
3320,c
3321,c
3322,c
3323,c
3324,c
3325,r
3326,r
3327,c
3328,c
3329,c
3330,c
3331,c
3332,c
3333,l
3334,c
3335,c
3336,c
3337,c
3338,c
3339,c
3340,c
3341,c
3342,l
3343,c
3344,c
3345,c
3346,c
3347,c
3348,c
3349,c
3350,c
3351,l
3352,c
3353,c
3354,c
3355,c
3356,c
3357,l
3358,c
3359,c
3360,c
3361,c
3362,c
3363,l
3364,c
3365,c
3366,c
3367,c
3368,c
3369,c
3370,c
3371,c
3372,c
3373,c
3374,c
3375,c
3376,l
3377,c
3378,c
3379,c
3380,c
3381,c
3382,c
3383,c
3384,l
3385,c
3386,c
3387,c
3388,c
3389,c
3390,c
3391,c
3392,c
3393,c
3394,c
3395,l
3396,c
3397,c
3398,c
3399,c
3400,c
3401,c
3402,c
3403,c
3404,c
3405,c
3406,c
3407,c
3408,c
3409,c
3410,c
3411,c
3412,c
3413,l
3414,c
3415,c
3416,c
3417,c
3418,c
3419,c
3420,l
3421,c
3422,c
3423,c
3424,c
3425,c
3426,l
3427,c
3428,c
3429,c
3430,c
3431,c
3432,c
3433,c
3434,c
3435,c
3436,c
3437,l
3438,l
3439,c
3440,c
3441,c
3442,c
3443,c
3444,r
3445,c
3446,c
3447,c
3448,c
3449,r
3450,c
3451,c
3452,c
3453,c
3454,c
3455,c
3456,c
3457,c
3458,c
3459,c
3460,c
3461,c
3462,c
3463,c
3464,c
3465,c
3466,c
3467,c
3468,l
3469,l
3470,l
3471,l
3472,l
3473,l
3474,l
3475,l
3476,l
3477,l
3478,l
3479,c
3480,c
3481,c
3482,c
3483,c
3484,c
3485,c
3486,c
3487,c
3488,c
3489,l
3490,c
3491,c
3492,c
3493,c
3494,c
3495,c
3496,c
3497,c
3498,c
3499,c
3500,c
3501,c
3502,c
3503,c
3504,c
3505,c
3506,c
3507,c
3508,l
3509,c
3510,c
3511,c
3512,c
3513,c
3514,l
3515,c
3516,c
3517,c
3518,c
3519,c
3520,c
3521,l
3522,c
3523,c
3524,c
3525,c
3526,c
3527,c
3528,c
3529,c
3530,l
3531,c
3532,c
3533,c
3534,c
3535,c
3536,c
3537,l
3538,c
3539,c
3540,c
3541,c
3542,c
3543,c
3544,c
3545,c
3546,c
3547,c
3548,l
3549,l
3550,l
3551,l
3552,l
3553,l
3554,l
3555,c
3556,c
3557,c
3558,c
3559,l
3560,l
3561,c
3562,l
3563,c
3564,c
3565,c
3566,c
3567,r
3568,c
3569,c
3570,c
3571,c
3572,c
3573,c
3574,c
3575,c
3576,c
3577,c
3578,c
3579,l
3580,c
3581,c
3582,c
3583,c
3584,c
3585,c
3586,c
3587,c
3588,c
3589,c
3590,c
3591,c
3592,c
3593,c
3594,c
3595,c
3596,l
3597,c
3598,c
3599,c
3600,c
3601,c
3602,c
3603,c
3604,c
3605,c
3606,c
3607,c
3608,c
3609,l
3610,c
3611,c
3612,c
3613,c
3614,c
3615,c
3616,c
3617,c
3618,l
3619,c
3620,c
3621,c
3622,c
3623,c
3624,c
3625,c
3626,l
3627,c
3628,c
3629,c
3630,c
3631,c
3632,c
3633,c
3634,c
3635,c
3636,c
3637,c
3638,c
3639,c
3640,c
3641,c
3642,c
3643,l
3644,c
3645,c
3646,c
3647,c
3648,c
3649,c
3650,l
3651,c
3652,c
3653,c
3654,c
3655,c
3656,c
3657,c
3658,c
3659,c
3660,c
3661,c
3662,l
3663,c
3664,c
3665,c
3666,c
3667,c
3668,c
3669,l
3670,c
3671,c
3672,c
3673,c
3674,c
3675,c
3676,c
3677,c
3678,c
3679,c
3680,c
3681,c
3682,c
3683,c
3684,l
3685,c
3686,c
3687,c
3688,c
3689,c
3690,c
3691,c
3692,c
3693,c
3694,c
3695,c
3696,l
3697,c
3698,c
3699,c
3700,c
3701,c
3702,c
3703,c
3704,c
3705,c
3706,c
3707,c
3708,c
3709,l
3710,c
3711,c
3712,c
3713,c
3714,c
3715,c
3716,c
3717,c
3718,c
3719,c
3720,c
3721,c
3722,l
3723,c
3724,c
3725,c
3726,c
3727,c
3728,l
3729,c
3730,c
3731,l
3732,l
3733,l
3734,c
3735,l
3736,l
3737,c
3738,l
3739,c
3740,l
3741,l
3742,c
3743,c
3744,c
3745,c
3746,c
3747,c
3748,l
3749,c
3750,c
3751,c
3752,c
3753,l
3754,c
3755,c
3756,c
3757,c
3758,c
3759,c
3760,c
3761,c
3762,c
3763,c
3764,c
3765,c
3766,c
3767,c
3768,l
3769,c
3770,c
3771,c
3772,c
3773,c
3774,l
3775,c
3776,c
3777,c
3778,c
3779,c
3780,c
3781,c
3782,c
3783,c
3784,c
3785,c
3786,c
3787,c
3788,c
3789,c
3790,c
3791,c
3792,l
3793,c
3794,c
3795,c
3796,c
3797,c
3798,c
3799,c
3800,l
3801,c
3802,c
3803,c
3804,c
3805,c
3806,c
3807,c
3808,c
3809,l
3810,l
3811,l
3812,l
3813,l
3814,l
3815,l
3816,c
3817,c
3818,c
3819,c
3820,l
3821,c
3822,c
3823,c
3824,c
3825,l
3826,c
3827,c
3828,l
3829,c
3830,c
3831,c
3832,c
3833,c
3834,l
3835,c
3836,c
3837,c
3838,c
3839,c
3840,c
3841,c
3842,r
3843,c
3844,c
3845,c
3846,c
3847,c
3848,c
3849,c
3850,c
3851,c
3852,l
3853,c
3854,c
3855,l
3856,c
3857,c
3858,c
3859,r
3860,c
3861,c
3862,c
3863,l
3864,c
3865,c
3866,c
3867,c
3868,r
3869,r
3870,c
3871,l
3872,l
3873,c
3874,c
3875,l
3876,c
3877,c
3878,c
3879,c
3880,c
3881,l
3882,c
3883,c
3884,c
3885,l
3886,c
3887,c
3888,c
3889,c
3890,c
3891,c
3892,c
3893,c
3894,c
3895,c
3896,c
3897,l
3898,c
3899,c
3900,c
3901,c
3902,r
3903,c
3904,c
3905,c
3906,c
3907,c
3908,c
3909,c
3910,c
3911,l
3912,c
3913,c
3914,c
3915,c
3916,c
3917,c
3918,c
3919,c
3920,c
3921,c
3922,c
3923,c
3924,c
3925,l
3926,c
3927,c
3928,c
3929,c
3930,c
3931,c
3932,c
3933,c
3934,l
3935,c
3936,c
3937,c
3938,c
3939,c
3940,c
3941,c
3942,c
3943,c
3944,c
3945,c
3946,c
3947,c
3948,l
3949,c
3950,c
3951,c
3952,c
3953,c
3954,l
3955,c
3956,c
3957,l
3958,c
3959,c
3960,c
3961,c
3962,c
3963,c
3964,c
3965,c
3966,c
3967,c
3968,c
3969,c
3970,c
3971,c
3972,c
3973,c
3974,l
3975,c
3976,c
3977,c
3978,c
3979,c
3980,c
3981,c
3982,c
3983,c
3984,c
3985,c
3986,c
3987,c
3988,c
3989,c
3990,c
3991,c
3992,c
3993,c
3994,c
3995,c
3996,c
3997,c
3998,l
3999,l
4000,l
4001,l
4002,l
4003,l
4004,l
4005,l
4006,l
4007,l
4008,c
4009,c
4010,c
4011,c
4012,c
4013,c
4014,c
4015,c
4016,c
4017,c
4018,c
4019,c
4020,l
4021,c
4022,c
4023,c
4024,c
4025,c
4026,c
4027,l
4028,c
4029,c
4030,c
4031,c
4032,c
4033,c
4034,c
4035,c
4036,c
4037,c
4038,c
4039,c
4040,c
4041,c
4042,c
4043,l
4044,c
4045,c
4046,c
4047,c
4048,c
4049,c
4050,c
4051,c
4052,c
4053,c
4054,c
4055,c
4056,c
4057,c
4058,c
4059,c
4060,c
4061,l
4062,c
4063,c
4064,c
4065,c
4066,l
4067,c
4068,c
4069,c
4070,c
4071,c
4072,c
4073,l
4074,l
4075,c
4076,c
4077,l
4078,c
4079,l
4080,c
4081,l
4082,l
4083,l
4084,l
4085,l
4086,l
4087,c
4088,c
4089,c
4090,c
4091,c
4092,c
4093,l
4094,c
4095,c
4096,c
4097,c
4098,c
4099,c
4100,l
4101,c
4102,c
4103,c
4104,c
4105,c
4106,c
4107,c
4108,c
4109,c
4110,c
4111,c
4112,r
4113,c
4114,c
4115,c
4116,l
4117,c
4118,c
4119,c
4120,c
4121,c
4122,c
4123,c
4124,l
4125,c
4126,c
4127,c
4128,c
4129,c
4130,c
4131,c
4132,c
4133,c
4134,c
4135,c
4136,l
4137,c
4138,c
4139,c
4140,c
4141,c
4142,c
4143,c
4144,c
4145,c
4146,l
4147,c
4148,c
4149,c
4150,c
4151,c
4152,c
4153,c
4154,c
4155,c
4156,c
4157,c
4158,c
4159,c
4160,l
4161,c
4162,c
4163,c
4164,c
4165,c
4166,c
4167,c
4168,l
4169,c
4170,c
4171,c
4172,c
4173,c
4174,c
4175,c
4176,c
4177,c
4178,c
4179,c
4180,c
4181,c
4182,c
4183,c
4184,c
4185,c
4186,c
4187,c
4188,l
4189,l
4190,c
4191,c
4192,c
4193,c
4194,c
4195,c
4196,c
4197,c
4198,c
4199,c
4200,c
4201,l
4202,c
4203,c
4204,c
4205,c
4206,c
4207,c
4208,c
4209,c
4210,c
4211,c
4212,c
4213,c
4214,c
4215,c
4216,c
4217,l
4218,c
4219,c
4220,c
4221,c
4222,c
4223,c
4224,l
4225,c
4226,c
4227,c
4228,c
4229,c
4230,c
4231,c
4232,c
4233,c
4234,c
4235,c
4236,c
4237,c
4238,c
4239,c
4240,c
4241,l
4242,c
4243,c
4244,c
4245,c
4246,l
4247,c
4248,l
4249,c
4250,c
4251,c
4252,c
4253,c
4254,c
4255,c
4256,c
4257,c
4258,c
4259,c
4260,l
4261,l
4262,l
4263,l
4264,l
4265,l
4266,l
4267,l
4268,c
4269,c
4270,c
4271,c
4272,c
4273,c
4274,c
4275,c
4276,c
4277,c
4278,c
4279,c
4280,l
4281,c
4282,c
4283,c
4284,c
4285,c
4286,l
4287,l
4288,c
4289,c
4290,c
4291,c
4292,c
4293,c
4294,r
4295,r
4296,c
4297,c
4298,c
4299,l
4300,c
4301,c
4302,c
4303,c
4304,l
4305,c
4306,c
4307,c
4308,c
4309,c
4310,c
4311,c
4312,c
4313,c
4314,c
4315,l
4316,l
4317,c
4318,c
4319,c
4320,c
4321,c
4322,c
4323,c
4324,c
4325,c
4326,c
4327,c
4328,c
4329,l
4330,l
4331,l
4332,l
4333,c
4334,l
4335,l
4336,c
4337,c
4338,l
4339,c
4340,c
4341,l
4342,c
4343,c
4344,l
4345,c
4346,c
4347,l
4348,c
4349,c
4350,c
4351,l
4352,c
4353,l
4354,c
4355,c
4356,c
4357,c
4358,c
4359,c
4360,c
4361,c
4362,c
4363,c
4364,c
4365,c
4366,c
4367,c
4368,c
4369,c
4370,c
4371,c
4372,l
4373,c
4374,c
4375,c
4376,c
4377,c
4378,c
4379,c
4380,c
4381,c
4382,c
4383,c
4384,c
4385,c
4386,c
4387,l
4388,c
4389,c
4390,c
4391,c
4392,c
4393,c
4394,c
4395,c
4396,c
4397,c
4398,c
4399,l
4400,c
4401,c
4402,c
4403,c
4404,c
4405,c
4406,c
4407,l
4408,c
4409,c
4410,c
4411,c
4412,c
4413,c
4414,c
4415,c
4416,l
4417,c
4418,c
4419,c
4420,c
4421,c
4422,c
4423,c
4424,c
4425,c
4426,c
4427,c
4428,c
4429,l
4430,c
4431,c
4432,c
4433,c
4434,c
4435,c
4436,c
4437,c
4438,c
4439,c
4440,c
4441,c
4442,c
4443,l
4444,c
4445,c
4446,c
4447,c
4448,c
4449,c
4450,c
4451,c
4452,l
4453,c
4454,c
4455,c
4456,c
4457,l
4458,l
4459,c
4460,c
4461,c
4462,c
4463,c
4464,c
4465,c
4466,c
4467,c
4468,r
4469,c
4470,c
4471,c
4472,c
4473,c
4474,c
4475,c
4476,c
4477,c
4478,c
4479,c
4480,c
4481,c
4482,l
4483,c
4484,c
4485,c
4486,c
4487,r
4488,c
4489,l
4490,l
4491,l
4492,l
4493,l
4494,l
4495,l
4496,l
4497,c
4498,c
4499,c
4500,c
4501,c
4502,c
4503,c
4504,c
4505,c
4506,c
4507,l
4508,c
4509,c
4510,c
4511,c
4512,c
4513,c
4514,l
4515,c
4516,c
4517,c
4518,c
4519,c
4520,c
4521,c
4522,c
4523,c
4524,c
4525,c
4526,c
4527,l
4528,c
4529,c
4530,c
4531,c
4532,c
4533,l
4534,c
4535,c
4536,c
4537,c
4538,c
4539,c
4540,c
4541,c
4542,c
4543,c
4544,c
4545,c
4546,c
4547,c
4548,c
4549,c
4550,c
4551,c
4552,c
4553,c
4554,c
4555,l
4556,l
4557,l
4558,l
4559,c
4560,l
4561,c
4562,c
4563,l
4564,c
4565,c
4566,c
4567,c
4568,l
4569,c
4570,l
4571,l
4572,l
4573,l
4574,l
4575,l
4576,c
4577,c
4578,r
4579,r
4580,r
4581,c
4582,l
4583,l
4584,c
4585,c
4586,c
4587,c
4588,c
4589,c
4590,l
4591,c
4592,c
4593,c
4594,c
4595,c
4596,c
4597,c
4598,c
4599,c
4600,c
4601,c
4602,c
4603,c
4604,c
4605,l
4606,c
4607,c
4608,c
4609,c
4610,c
4611,c
4612,c
4613,c
4614,c
4615,c
4616,c
4617,c
4618,l
4619,c
4620,c
4621,c
4622,c
4623,c
4624,c
4625,c
4626,c
4627,c
4628,l
4629,c
4630,c
4631,c
4632,c
4633,c
4634,c
4635,c
4636,l
4637,c
4638,c
4639,c
4640,c
4641,c
4642,c
4643,c
4644,c
4645,l
4646,c
4647,c
4648,c
4649,c
4650,c
4651,c
4652,c
4653,c
4654,c
4655,c
4656,c
4657,c
4658,c
4659,c
4660,c
4661,c
4662,l
4663,c
4664,c
4665,c
4666,c
4667,c
4668,c
4669,c
4670,c
4671,c
4672,l
4673,c
4674,c
4675,c
4676,c
4677,c
4678,c
4679,c
4680,c
4681,c
4682,c
4683,c
4684,l
4685,c
4686,c
4687,c
4688,c
4689,c
4690,c
4691,c
4692,c
4693,c
4694,c
4695,c
4696,c
4697,c
4698,c
4699,l
4700,c
4701,c
4702,c
4703,c
4704,c
4705,c
4706,c
4707,c
4708,c
4709,l
4710,c
4711,c
4712,c
4713,c
4714,c
4715,c
4716,l
4717,c
4718,c
4719,c
4720,c
4721,c
4722,c
4723,c
4724,l
4725,c
4726,c
4727,c
4728,c
4729,c
4730,l
4731,c
4732,c
4733,c
4734,c
4735,c
4736,c
4737,l
4738,l
4739,l
4740,l
4741,l
4742,l
4743,l
4744,c
4745,c
4746,l
4747,c
4748,c
4749,l
4750,c
4751,c
4752,c
4753,c
4754,c
4755,c
4756,c
4757,c
4758,c
4759,c
4760,c
4761,c
4762,c
4763,c
4764,c
4765,c
4766,c
4767,c
4768,c
4769,l
4770,c
4771,c
4772,c
4773,c
4774,c
4775,c
4776,l
4777,c
4778,c
4779,c
4780,c
4781,c
4782,l
4783,c
4784,c
4785,c
4786,c
4787,c
4788,c
4789,c
4790,c
4791,c
4792,c
4793,c
4794,c
4795,c
4796,c
4797,c
4798,c
4799,c
4800,l
4801,l
4802,l
4803,l
4804,l
4805,l
4806,l
4807,l
4808,c
4809,c
4810,c
4811,c
4812,l
4813,c
4814,c
4815,c
4816,c
4817,c
4818,l
4819,c
4820,c
4821,l
4822,c
4823,c
4824,c
4825,c
4826,c
4827,c
4828,c
4829,c
4830,c
4831,c
4832,c
4833,c
4834,c
4835,c
4836,c
4837,c
4838,l
4839,c
4840,c
4841,c
4842,c
4843,c
4844,c
4845,c
4846,c
4847,c
4848,c
4849,l
4850,c
4851,c
4852,c
4853,c
4854,c
4855,c
4856,c
4857,c
4858,c
4859,c
4860,c
4861,c
4862,c
4863,l
4864,c
4865,c
4866,c
4867,c
4868,c
4869,c
4870,l
4871,c
4872,c
4873,c
4874,c
4875,c
4876,c
4877,c
4878,l
4879,c
4880,c
4881,c
4882,c
4883,c
4884,c
4885,c
4886,c
4887,c
4888,c
4889,c
4890,c
4891,l
4892,c
4893,c
4894,l
4895,c
4896,c
4897,c
4898,c
4899,c
4900,c
4901,r
4902,r
4903,c
4904,c
4905,l
4906,l
4907,l
4908,c
4909,c
4910,c
4911,c
4912,c
4913,c
4914,l
4915,c
4916,c
4917,c
4918,c
4919,c
4920,c
4921,r
4922,c
4923,c
4924,c
4925,c
4926,c
4927,c
4928,l
4929,c
4930,c
4931,c
4932,c
4933,c
4934,c
4935,c
4936,c
4937,c
4938,c
4939,c
4940,c
4941,c
4942,c
4943,c
4944,c
4945,c
4946,c
4947,l
4948,c
4949,c
4950,l
4951,c
4952,c
4953,c
4954,c
4955,c
4956,c
4957,c
4958,c
4959,c
4960,c
4961,c
4962,c
4963,c
4964,l
4965,l
4966,l
4967,l
4968,l
4969,l
4970,l
4971,c
4972,c
4973,c
4974,c
4975,c
4976,c
4977,l
4978,c
4979,c
4980,c
4981,c
4982,l
4983,l
4984,l
4985,c
4986,c
4987,c
4988,c
4989,c
4990,c
4991,r
4992,c
4993,c
4994,c
4995,c
4996,c
4997,c
4998,r
4999,c
5000,c
5001,c
5002,l
5003,l
5004,c
5005,c
5006,c
5007,c
5008,r
5009,r
5010,c
5011,c
5012,c
5013,l
5014,l
5015,c
5016,c
5017,c
5018,c
5019,c
5020,c
5021,c
5022,c
5023,c
5024,c
5025,c
5026,c
5027,c
5028,c
5029,c
5030,c
5031,l
5032,l
5033,l
5034,l
5035,l
5036,l
5037,c
5038,c
5039,l
5040,c
5041,l
5042,l
5043,l
5044,c
5045,l
5046,c
5047,c
5048,c
5049,r
5050,r
5051,r
5052,r
5053,c
5054,c
5055,c
5056,c
5057,l
5058,c
5059,c
5060,l
5061,l
5062,l
5063,c
5064,c
5065,c
5066,c
5067,c
5068,c
5069,c
5070,c
5071,c
5072,c
5073,c
5074,c
5075,c
5076,c
5077,l
5078,c
5079,c
5080,c
5081,c
5082,c
5083,c
5084,c
5085,c
5086,c
5087,c
5088,c
5089,l
5090,c
5091,c
5092,c
5093,c
5094,c
5095,c
5096,c
5097,c
5098,c
5099,c
5100,c
5101,c
5102,c
5103,c
5104,c
5105,c
5106,c
5107,c
5108,c
5109,c
5110,c
5111,l
5112,c
5113,c
5114,c
5115,c
5116,c
5117,l
5118,c
5119,c
5120,c
5121,c
5122,c
5123,c
5124,c
5125,c
5126,l
5127,c
5128,c
5129,c
5130,c
5131,c
5132,c
5133,c
5134,c
5135,c
5136,l
5137,c
5138,c
5139,c
5140,c
5141,c
5142,c
5143,c
5144,c
5145,c
5146,c
5147,c
5148,c
5149,c
5150,c
5151,c
5152,c
5153,c
5154,c
5155,c
5156,c
5157,c
5158,l
5159,c
5160,c
5161,c
5162,c
5163,c
5164,c
5165,c
5166,l
5167,c
5168,c
5169,c
5170,c
5171,c
5172,c
5173,l
5174,c
5175,c
5176,c
5177,c
5178,c
5179,c
5180,c
5181,c
5182,c
5183,c
5184,c
5185,c
5186,c
5187,c
5188,c
5189,c
5190,l
5191,c
5192,c
5193,c
5194,c
5195,c
5196,c
5197,c
5198,c
5199,c
5200,c
5201,c
5202,c
5203,c
5204,c
5205,c
5206,c
5207,l
5208,l
5209,c
5210,c
5211,c
5212,c
5213,c
5214,c
5215,c
5216,c
5217,c
5218,c
5219,c
5220,c
5221,c
5222,c
5223,c
5224,c
5225,c
5226,c
5227,c
5228,c
5229,l
5230,c
5231,c
5232,c
5233,c
5234,c
5235,c
5236,c
5237,c
5238,c
5239,c
5240,l
5241,c
5242,c
5243,c
5244,c
5245,c
5246,c
5247,c
5248,c
5249,c
5250,c
5251,c
5252,c
5253,c
5254,c
5255,l
5256,l
5257,l
5258,c
5259,l
5260,l
5261,c
5262,l
5263,c
5264,c
5265,l
5266,c
5267,l
5268,l
5269,c
5270,c
5271,c
5272,c
5273,c
5274,c
5275,c
5276,c
5277,c
5278,c
5279,c
5280,c
5281,c
5282,c
5283,c
5284,c
5285,c
5286,l
5287,c
5288,c
5289,l
5290,c
5291,c
5292,c
5293,c
5294,c
5295,c
5296,c
5297,c
5298,c
5299,c
5300,c
5301,c
5302,c
5303,c
5304,c
5305,c
5306,c
5307,l
5308,c
5309,c
5310,c
5311,c
5312,c
5313,c
5314,c
5315,c
5316,l
5317,l
5318,l
5319,l
5320,l
5321,l
5322,c
5323,c
5324,c
5325,c
5326,c
5327,l
5328,l
5329,c
5330,c
5331,c
5332,c
5333,c
5334,l
5335,l
5336,l
5337,c
5338,c
5339,c
5340,c
5341,r
5342,c
5343,c
5344,c
5345,c
5346,c
5347,c
5348,c
5349,c
5350,c
5351,c
5352,c
5353,r
5354,c
5355,c
5356,c
5357,c
5358,c
5359,c
5360,c
5361,l
5362,c
5363,c
5364,c
5365,c
5366,c
5367,c
5368,c
5369,c
5370,l
5371,c
5372,c
5373,c
5374,c
5375,c
5376,c
5377,c
5378,c
5379,c
5380,c
5381,c
5382,c
5383,c
5384,l
5385,c
5386,c
5387,c
5388,c
5389,c
5390,c
5391,c
5392,l
5393,c
5394,c
5395,c
5396,c
5397,c
5398,c
5399,c
5400,c
5401,c
5402,c
5403,c
5404,c
5405,c
5406,l
5407,c
5408,c
5409,c
5410,c
5411,c
5412,c
5413,c
5414,c
5415,c
5416,c
5417,c
5418,c
5419,c
5420,c
5421,c
5422,l
5423,c
5424,c
5425,c
5426,c
5427,c
5428,l
5429,c
5430,c
5431,c
5432,c
5433,c
5434,c
5435,l
5436,c
5437,c
5438,c
5439,c
5440,c
5441,r
5442,c
5443,c
5444,c
5445,l
5446,c
5447,c
5448,c
5449,c
5450,c
5451,c
5452,c
5453,c
5454,c
5455,c
5456,c
5457,c
5458,l
5459,c
5460,c
5461,c
5462,c
5463,l
5464,l
5465,c
5466,c
5467,c
5468,c
5469,c
5470,c
5471,c
5472,c
5473,c
5474,c
5475,c
5476,c
5477,c
5478,c
5479,c
5480,c
5481,c
5482,c
5483,c
5484,c
5485,l
5486,c
5487,c
5488,c
5489,c
5490,c
5491,c
5492,c
5493,c
5494,c
5495,c
5496,c
5497,c
5498,c
5499,l
5500,l
5501,c
5502,c
5503,l
5504,l
5505,c
5506,l
5507,c
5508,c
5509,l
5510,c
5511,l
5512,l
5513,l
5514,c
5515,c
5516,c
5517,l
5518,c
5519,c
5520,c
5521,c
5522,c
5523,c
5524,c
5525,c
5526,c
5527,c
5528,c
5529,l
5530,c
5531,c
5532,c
5533,c
5534,c
5535,c
5536,c
5537,c
5538,l
5539,c
5540,c
5541,c
5542,c
5543,c
5544,c
5545,c
5546,c
5547,l
5548,c
5549,c
5550,c
5551,c
5552,c
5553,c
5554,c
5555,c
5556,c
5557,c
5558,c
5559,c
5560,c
5561,c
5562,c
5563,c
5564,c
5565,c
5566,l
5567,l
5568,l
5569,l
5570,l
5571,l
5572,c
5573,c
5574,l
5575,c
5576,l
5577,l
5578,c
5579,l
5580,c
5581,c
5582,c
5583,c
5584,c
5585,c
5586,c
5587,c
5588,c
5589,c
5590,c
5591,c
5592,c
5593,c
5594,l
5595,c
5596,c
5597,c
5598,c
5599,c
5600,c
5601,l
5602,c
5603,c
5604,c
5605,r
5606,c
5607,c
5608,c
5609,c
5610,c
5611,c
5612,c
5613,c
5614,c
5615,l
5616,c
5617,c
5618,c
5619,c
5620,c
5621,c
5622,c
5623,c
5624,c
5625,c
5626,c
5627,c
5628,l
5629,c
5630,c
5631,c
5632,c
5633,c
5634,c
5635,c
5636,c
5637,c
5638,c
5639,c
5640,l
5641,c
5642,c
5643,c
5644,c
5645,c
5646,c
5647,c
5648,c
5649,c
5650,l
5651,c
5652,c
5653,c
5654,c
5655,c
5656,l
5657,c
5658,c
5659,c
5660,c
5661,c
5662,c
5663,c
5664,c
5665,c
5666,c
5667,c
5668,c
5669,c
5670,c
5671,l
5672,l
5673,l
5674,c
5675,c
5676,c
5677,c
5678,r
5679,c
5680,c
5681,c
5682,c
5683,c
5684,c
5685,r
5686,c
5687,c
5688,c
5689,c
5690,c
5691,c
5692,r
5693,c
5694,c
5695,c
5696,c
5697,l
5698,c
5699,c
5700,c
5701,c
5702,c
5703,c
5704,c
5705,c
5706,l
5707,c
5708,c
5709,c
5710,c
5711,c
5712,c
5713,c
5714,c
5715,l
5716,c
5717,c
5718,c
5719,c
5720,c
5721,c
5722,c
5723,c
5724,c
5725,c
5726,c
5727,c
5728,c
5729,c
5730,l
5731,c
5732,c
5733,c
5734,c
5735,l
5736,l
5737,l
5738,l
5739,c
5740,l
5741,l
5742,l
5743,l
5744,c
5745,c
5746,c
5747,l
5748,l
5749,c
5750,c
5751,c
5752,c
5753,c
5754,c
5755,c
5756,l
5757,c
5758,c
5759,c
5760,c
5761,c
5762,l
5763,c
5764,c
5765,c
5766,c
5767,l
5768,l
5769,c
5770,c
5771,c
5772,c
5773,c
5774,r
5775,c
5776,c
5777,c
5778,c
5779,c
5780,c
5781,c
5782,c
5783,c
5784,c
5785,c
5786,c
5787,c
5788,l
5789,c
5790,c
5791,c
5792,c
5793,c
5794,c
5795,c
5796,c
5797,c
5798,c
5799,c
5800,c
5801,c
5802,c
5803,c
5804,c
5805,l
5806,l
5807,c
5808,c
5809,l
5810,c
5811,l
5812,l
5813,l
5814,l
5815,c
5816,l
5817,l
5818,c
5819,c
5820,c
5821,c
5822,c
5823,r
5824,c
5825,c
5826,c
5827,l
5828,c
5829,c
5830,c
5831,c
5832,c
5833,c
5834,c
5835,c
5836,l
5837,c
5838,c
5839,c
5840,c
5841,c
5842,c
5843,c
5844,l
5845,c
5846,c
5847,c
5848,c
5849,c
5850,c
5851,c
5852,c
5853,c
5854,c
5855,c
5856,c
5857,c
5858,c
5859,c
5860,c
5861,l
5862,c
5863,c
5864,c
5865,c
5866,c
5867,c
5868,c
5869,c
5870,l
5871,c
5872,c
5873,c
5874,c
5875,c
5876,c
5877,c
5878,c
5879,c
5880,c
5881,l
5882,c
5883,c
5884,c
5885,c
5886,c
5887,c
5888,c
5889,r
5890,c
5891,c
5892,c
5893,l
5894,c
5895,c
5896,c
5897,c
5898,c
5899,c
5900,c
5901,l
5902,c
5903,c
5904,c
5905,c
5906,c
5907,c
5908,c
5909,c
5910,c
5911,l
5912,c
5913,c
5914,l
5915,c
5916,c
5917,c
5918,c
5919,c
5920,l
5921,c
5922,c
5923,c
5924,r
5925,c
5926,c
5927,c
5928,l
5929,c
5930,c
5931,c
5932,c
5933,c
5934,c
5935,c
5936,c
5937,c
5938,c
5939,c
5940,c
5941,c
5942,c
5943,l
5944,c
5945,c
5946,l
5947,c
5948,c
5949,c
5950,c
5951,c
5952,c
5953,c
5954,c
5955,c
5956,c
5957,l
5958,l
5959,l
5960,l
5961,l
5962,l
5963,c
5964,c
5965,c
5966,c
5967,c
5968,l
5969,l
5970,c
5971,c
5972,c
5973,c
5974,c
5975,c
5976,c
5977,c
5978,c
5979,c
5980,c
5981,c
5982,c
5983,l
5984,c
5985,c
5986,c
5987,c
5988,c
5989,c
5990,l
5991,c
5992,c
5993,c
5994,c
5995,c
5996,c
5997,c
5998,c
5999,l
6000,c
6001,c
6002,c
6003,c
6004,c
6005,c
6006,c
6007,c
6008,c
6009,c
6010,c
6011,c
6012,l
6013,c
6014,c
6015,c
6016,c
6017,c
6018,c
6019,l
6020,l
6021,l
6022,c
6023,c
6024,l
6025,c
6026,l
6027,c
6028,l
6029,l
6030,c
6031,l
6032,c
6033,c
6034,c
6035,c
6036,c
6037,l
6038,c
6039,c
6040,c
6041,c
6042,c
6043,c
6044,c
6045,c
6046,l
6047,c
6048,c
6049,c
6050,c
6051,c
6052,c
6053,c
6054,c
6055,c
6056,c
6057,c
6058,c
6059,c
6060,l
6061,l
6062,c
6063,c
6064,c
6065,c
6066,c
6067,r
6068,r
6069,c
6070,c
6071,c
6072,c
6073,l
6074,c
6075,c
6076,c
6077,c
6078,l
6079,c
6080,c
6081,l
6082,c
6083,c
6084,c
6085,c
6086,c
6087,c
6088,c
6089,c
6090,c
6091,c
6092,c
6093,c
6094,l
6095,c
6096,c
6097,c
6098,c
6099,c
6100,c
6101,c
6102,c
6103,c
6104,c
6105,c
6106,c
6107,c
6108,c
6109,l
6110,c
6111,c
6112,c
6113,c
6114,c
6115,c
6116,l
6117,c
6118,c
6119,c
6120,c
6121,c
6122,c
6123,c
6124,c
6125,c
6126,c
6127,c
6128,c
6129,c
6130,c
6131,c
6132,l
6133,c
6134,c
6135,c
6136,c
6137,c
6138,c
6139,c
6140,c
6141,c
6142,c
6143,c
6144,c
6145,c
6146,c
6147,c
6148,c
6149,c
6150,c
6151,l
6152,c
6153,c
6154,c
6155,c
6156,c
6157,c
6158,c
6159,c
6160,c
6161,c
6162,c
6163,c
6164,c
6165,l
6166,l
6167,c
6168,c
6169,c
6170,c
6171,c
6172,c
6173,c
6174,r
6175,c
6176,c
6177,c
6178,c
6179,l
6180,c
6181,c
6182,c
6183,c
6184,c
6185,c
6186,c
6187,c
6188,c
6189,c
6190,c
6191,c
6192,c
6193,c
6194,l
6195,c
6196,c
6197,c
6198,c
6199,c
6200,c
6201,c
6202,l
6203,c
6204,c
6205,c
6206,c
6207,c
6208,c
6209,c
6210,c
6211,l
6212,c
6213,c
6214,c
6215,l
6216,l
6217,l
6218,l
6219,c
6220,c
6221,c
6222,l
6223,c
6224,l
6225,c
6226,l
6227,l
6228,c
6229,c
6230,c
6231,c
6232,c
6233,l
6234,c
6235,c
6236,c
6237,c
6238,c
6239,c
6240,c
6241,c
6242,c
6243,c
6244,c
6245,c
6246,c
6247,c
6248,c
6249,c
6250,l
6251,c
6252,c
6253,c
6254,c
6255,c
6256,c
6257,l
6258,c
6259,c
6260,c
6261,c
6262,c
6263,c
6264,c
6265,c
6266,c
6267,c
6268,c
6269,c
6270,c
6271,l
6272,c
6273,c
6274,c
6275,c
6276,c
6277,c
6278,c
6279,c
6280,c
6281,c
6282,c
6283,c
6284,l
6285,c
6286,c
6287,l
6288,c
6289,l
6290,l
6291,l
6292,l
6293,l
6294,l
6295,c
6296,c
6297,c
6298,c
6299,c
6300,l
6301,c
6302,c
6303,c
6304,c
6305,l
6306,c
6307,c
6308,c
6309,c
6310,c
6311,l
6312,c
6313,c
6314,c
6315,c
6316,c
6317,c
6318,l
6319,c
6320,c
6321,c
6322,c
6323,c
6324,c
6325,c
6326,c
6327,c
6328,c
6329,c
6330,c
6331,c
6332,l
6333,c
6334,c
6335,c
6336,c
6337,c
6338,c
6339,c
6340,c
6341,c
6342,c
6343,c
6344,c
6345,c
6346,c
6347,c
6348,c
6349,l
6350,l
6351,c
6352,c
6353,c
6354,c
6355,r
6356,c
6357,c
6358,c
6359,c
6360,c
6361,c
6362,c
6363,c
6364,c
6365,c
6366,c
6367,c
6368,c
6369,l
6370,c
6371,c
6372,c
6373,c
6374,c
6375,r
6376,c
6377,c
6378,c
6379,c
6380,l
6381,c
6382,c
6383,c
6384,c
6385,l
6386,c
6387,c
6388,c
6389,c
6390,l
6391,c
6392,c
6393,c
6394,c
6395,c
6396,c
6397,c
6398,c
6399,c
6400,l
6401,c
6402,c
6403,c
6404,c
6405,c
6406,c
6407,c
6408,c
6409,c
6410,c
6411,l
6412,c
6413,c
6414,c
6415,c
6416,c
6417,c
6418,c
6419,c
6420,c
6421,l
6422,c
6423,c
6424,c
6425,c
6426,c
6427,c
6428,c
6429,l
6430,c
6431,c
6432,c
6433,c
6434,c
6435,c
6436,c
6437,c
6438,c
6439,c
6440,c
6441,c
6442,c
6443,l
6444,l
6445,l
6446,c
6447,c
6448,c
6449,c
6450,c
6451,r
6452,c
6453,c
6454,r
6455,c
6456,c
6457,c
6458,r
6459,c
6460,l
6461,l
6462,l
6463,c
6464,c
6465,c
6466,c
6467,c
6468,c
6469,c
6470,c
6471,c
6472,c
6473,c
6474,c
